{
  "loss": 0.25342645681144405,
  "accuracy": 0.9104970637583892,
  "f1_macro": 0.9049985591147137,
  "f1_weighted": 0.9114425133188295,
  "precision_macro": 0.9050895593695744,
  "precision_weighted": 0.9162914434449986,
  "recall_macro": 0.9090441220653986,
  "recall_weighted": 0.9104970637583892,
  "f1_per_class": [
    0.9223193010325655,
    0.9051922736133262,
    0.9400386847195358,
    0.9231777231777232,
    0.8582163337947399,
    0.951665243381725,
    0.834380354083381
  ],
  "precision_per_class": [
    0.88103186646434,
    0.9663261445327279,
    0.9947897283215482,
    0.9075684380032206,
    0.8304630692690395,
    0.975831873905429,
    0.7796157950907151
  ],
  "recall_per_class": [
    0.9676666666666667,
    0.8513333333333334,
    0.891,
    0.9393333333333334,
    0.8878887070376432,
    0.9286666666666666,
    0.8974201474201474
  ]
}